net,length_um
net63,215.84µm
uartUnit.fifoRX._001_,172.44µm
uartUnit.fifoRX._048_,164.12µm
uartUnit.fifoRX._064_,161.395µm
uartUnit.fifoTX._047_,148.915µm
aluUnit._126_,147.51µm
uartUnit.fifoRX._047_,147.3µm
uartUnit.fifoRX._000_,146.05µm
uartUnit.fifoRX._046_,144.38µm
net17,138.9µm
uartUnit.fifoTX._048_,138.46µm
uartUnit.fifoTX._064_,135.395µm
uartUnit.fifoTX._000_,135.2µm
net50,134µm
uartUnit.fifoTX._001_,132.53µm
net39,130.605µm
uartUnit.fifoTX._046_,129µm
net53,119.42µm
net14,119.18µm
net16,118.69µm
net21,118.09µm
net48,110.61µm
net9,110.125µm
alu_uart_interfaceUnit._043_,109.095µm
aluUnit.i_data_b\[3\],108.2µm
alu_uart_interfaceUnit._053_,107.68µm
net32,106.98µm
net38,104.3µm
net49,102.24µm
net55,101.29µm
uartUnit.uartRxUnit._042_,98.74µm
net28,98.64µm
net41,98.28µm
uartUnit.uartRxUnit._057_,96µm
net35,94.36µm
uartUnit.uartTxUnit._043_,92.17µm
alu_uart_interfaceUnit._059_,92.13µm
net54,91.865µm
net20,90µm
net31,89.8µm
net19,89.72µm
net62,89.55µm
net37,88.96µm
net24,88.17µm
aluUnit.i_data_a\[4\],87.985µm
net6,86.08µm
net36,85.96µm
aluUnit.i_data_b\[0\],84.49µm
alu_uart_interfaceUnit._044_,84.1µm
net46,83.66µm
net58,83.06µm
aluUnit.i_data_b\[5\],80.28µm
net56,79.78µm
alu_uart_interfaceUnit._050_,78.4µm
aluUnit.i_data_a\[5\],77.74µm
net7,77.33µm
aluUnit._131_,77.3µm
net61,76.96µm
aluUnit._124_,76.74µm
net44,76.6µm
net60,76.5µm
aluUnit.i_data_a\[7\],76.36µm
net25,75.79µm
net57,74.96µm
net45,74.84µm
net51,72.85µm
aluUnit.i_data_a\[6\],71.75µm
alu_uart_interfaceUnit.o_data_to_write\[4\],71.7µm
net27,71.45µm
net33,68.88µm
aluUnit._108_,68.12µm
alu_uart_interfaceUnit.i_data_to_read\[3\],67.36µm
uartUnit.uartTxUnit._044_,66.435µm
aluUnit._133_,66.32µm
net47,66.32µm
net23,64.82µm
uartUnit.uartTxUnit._022_,64.64µm
aluUnit._098_,63.9µm
net43,63.42µm
uartUnit.baud_rateUnit.o_tick,63.2µm
uartUnit.baud_rateUnit._15_,63.16µm
net22,62.64µm
aluUnit.o_alu_result\[2\],62.3µm
alu_uart_interfaceUnit.o_fifo_rx_read,61.005µm
net42,60.48µm
aluUnit.i_data_a\[1\],60.34µm
aluUnit.i_data_a\[0\],59.975µm
net8,59.86µm
uartUnit.fifoTX.i_read_fifo,59.58µm
alu_uart_interfaceUnit.o_data_to_write\[3\],59.44µm
alu_uart_interfaceUnit._051_,59.4µm
net40,59.06µm
alu_uart_interfaceUnit.i_data_to_read\[4\],58.74µm
aluUnit.i_data_b\[4\],58.66µm
net29,58.015µm
aluUnit._127_,57.94µm
alu_uart_interfaceUnit.state\[3\],56.655µm
net18,56.22µm
net30,56.2µm
uartUnit.uartRxUnit._046_,56.14µm
uartUnit.uartRxUnit._065_,55.64µm
aluUnit.i_data_b\[6\],55.065µm
alu_uart_interfaceUnit.i_data_to_read\[2\],54.9µm
uartUnit.fifoRX.i_data_to_write\[5\],54.34µm
alu_uart_interfaceUnit.i_data_to_read\[7\],53.98µm
uartUnit.uartTxUnit._058_,53.96µm
net10,53.82µm
aluUnit._045_,52.18µm
alu_uart_interfaceUnit.o_data_to_write\[6\],52.04µm
alu_uart_interfaceUnit.i_fifo_tx_full,51.58µm
uartUnit.uartTxUnit._071_,50.76µm
net13,50.76µm
uartUnit.uartRxUnit._047_,50.75µm
net15,50.32µm
aluUnit._125_,50.26µm
alu_uart_interfaceUnit.o_data_to_write\[5\],48.48µm
uartUnit.uartTxUnit.state\[3\],48.47µm
aluUnit.i_data_a\[2\],48.285µm
aluUnit.o_alu_result\[0\],46.84µm
uartUnit.fifoTX.o_data_to_read\[2\],46.82µm
uartUnit.fifoRX.write_ptr\[0\],46.675µm
net3,46.605µm
uartUnit.fifoRX.i_data_to_write\[4\],46.6µm
uartUnit.fifoTX.o_data_to_read\[1\],46.34µm
net59,46.12µm
alu_uart_interfaceUnit.o_fifo_tx_write,45.68µm
alu_uart_interfaceUnit.o_data_to_write\[7\],45.58µm
uartUnit.fifoRX.i_data_to_write\[6\],44.8µm
uartUnit.fifoRX.i_data_to_write\[1\],44.44µm
aluUnit._119_,44.38µm
uartUnit.uartTxUnit._047_,44.24µm
uartUnit.fifoRX.i_data_to_write\[2\],43.64µm
uartUnit.uartRxUnit.state\[2\],43.22µm
alu_uart_interfaceUnit._045_,43.14µm
aluUnit.i_op\[0\],42.845µm
uartUnit.baud_rateUnit._19_,42.8µm
uartUnit.uartRxUnit._034_,42.73µm
alu_uart_interfaceUnit.o_data_to_write\[1\],42.7µm
uartUnit.fifoRX.i_data_to_write\[7\],41µm
uartUnit.fifoRX.write_ptr\[1\],41µm
net5,40.46µm
aluUnit.i_data_a\[3\],40.24µm
uartUnit.uartTxUnit.state\[1\],39.74µm
uartUnit.uartRxUnit.state\[3\],39.66µm
aluUnit._137_,39.58µm
alu_uart_interfaceUnit.i_data_to_read\[6\],39.16µm
uartUnit.fifoTX.write_ptr\[0\],38.67µm
aluUnit.i_op\[3\],38.06µm
uartUnit.fifoTX.o_data_to_read\[3\],37.94µm
aluUnit._034_,37.92µm
uartUnit.fifoRX.i_data_to_write\[0\],37.72µm
net26,37.54µm
uartUnit.fifoTX.o_data_to_read\[0\],36.84µm
alu_uart_interfaceUnit.o_data_to_write\[0\],36.8µm
uartUnit.uartRxUnit._058_,36.66µm
uartUnit.uartTxUnit.send_byte\[0\],36.35µm
alu_uart_interfaceUnit.o_data_to_write\[2\],36.18µm
aluUnit._112_,35.93µm
alu_uart_interfaceUnit.state\[1\],35.06µm
aluUnit.i_op\[2\],34.24µm
uartUnit.uartTxUnit._054_,34.16µm
aluUnit._134_,34.1µm
uartUnit.uartTxUnit.n\[0\],33.74µm
uartUnit.fifoTX.write_ptr\[1\],33.46µm
uartUnit.uartRxUnit._024_,32.63µm
net34,32.62µm
alu_uart_interfaceUnit.i_data_to_read\[0\],32.18µm
uartUnit.uartTxUnit.state\[2\],31.96µm
alu_uart_interfaceUnit.state\[2\],31.82µm
uartUnit.fifoRX.i_write_fifo,31.82µm
net52,31.71µm
aluUnit._154_,31.6µm
uartUnit.uartRxUnit.state\[1\],31.43µm
aluUnit.i_op\[5\],31.4µm
aluUnit.o_alu_result\[1\],31.32µm
aluUnit._076_,31.02µm
uartUnit.baud_rateUnit.counter\[0\],30.93µm
aluUnit.i_op\[1\],30.92µm
alu_uart_interfaceUnit.state\[0\],30.5µm
alu_uart_interfaceUnit.i_data_to_read\[1\],30.2µm
uartUnit.fifoRX.i_data_to_write\[3\],30.2µm
aluUnit._139_,30.18µm
alu_uart_interfaceUnit._038_,30.14µm
aluUnit._148_,29.94µm
uartUnit.uartTxUnit._040_,29.78µm
aluUnit._120_,29.7µm
net2,29.56µm
uartUnit.uartRxUnit.s\[0\],29.52µm
aluUnit.i_op\[4\],29.44µm
aluUnit._025_,29.28µm
aluUnit.o_alu_result\[3\],29.1µm
uartUnit.uartTxUnit._023_,28.3µm
uartUnit.uartTxUnit._041_,28.26µm
uartUnit.uartRxUnit._030_,27.82µm
uartUnit.fifoTX.read_ptr\[0\],27.68µm
alu_uart_interfaceUnit._093_,27.59µm
uartUnit.uartTxUnit.s\[0\],27.16µm
alu_uart_interfaceUnit._049_,26.85µm
aluUnit._047_,26.76µm
aluUnit.i_data_b\[7\],26.54µm
aluUnit._097_,26.36µm
uartUnit.uartRxUnit._039_,26.24µm
uartUnit.uartRxUnit.s\[1\],26.12µm
uartUnit.uartRxUnit.s\[2\],25.56µm
uartUnit.uartTxUnit.s\[1\],25.48µm
uartUnit.uartRxUnit._048_,25.18µm
aluUnit._115_,25.16µm
uartUnit.uartRxUnit._028_,24.72µm
net12,23.8µm
uartUnit.uartTxUnit._069_,23.52µm
uartUnit.uartTxUnit.n\[1\],23.44µm
aluUnit._040_,23.375µm
uartUnit.fifoTX.o_fifo_is_empty,23.1µm
aluUnit._048_,23.04µm
net11,23µm
aluUnit._052_,22.88µm
uartUnit.baud_rateUnit.counter\[6\],22.58µm
aluUnit._121_,22.3µm
uartUnit.fifoRX.array\[2\]\[0\],22.225µm
uartUnit.fifoRX.read_ptr\[0\],22.22µm
uartUnit.fifoRX._044_,22.14µm
uartUnit.uartRxUnit._035_,21.84µm
uartUnit.fifoRX._058_,21.74µm
uartUnit.baud_rateUnit.counter\[1\],21.685µm
aluUnit._005_,21.66µm
alu_uart_interfaceUnit.i_data_to_read\[5\],21.62µm
aluUnit._106_,21.52µm
uartUnit.uartRxUnit.state\[0\],21.48µm
uartUnit.fifoTX.read_ptr\[1\],21.18µm
aluUnit._095_,21.16µm
aluUnit._156_,21.16µm
uartUnit.fifoRX._050_,21.16µm
uartUnit.uartRxUnit._060_,21.1µm
aluUnit._004_,21.08µm
uartUnit.fifoTX._045_,20.84µm
uartUnit.fifoTX._049_,20.12µm
alu_uart_interfaceUnit._041_,19.955µm
uartUnit.uartTxUnit.state\[0\],19.91µm
aluUnit._094_,19.76µm
uartUnit.fifoRX._042_,19.62µm
uartUnit.fifoRX._045_,19.4µm
uartUnit.baud_rateUnit.counter\[3\],19.36µm
uartUnit.baud_rateUnit.counter\[4\],19.34µm
uartUnit.uartRxUnit.n\[1\],19.34µm
uartUnit.fifoTX.array\[1\]\[6\],19.18µm
uartUnit.uartRxUnit.n\[0\],19.08µm
alu_uart_interfaceUnit._076_,19.06µm
aluUnit._037_,19.04µm
aluUnit._109_,19.04µm
uartUnit.fifoTX._044_,18.9µm
uartUnit.fifoRX.array\[2\]\[2\],18.745µm
uartUnit.fifoRX.array\[1\]\[0\],18.66µm
aluUnit._001_,18.61µm
aluUnit._075_,18.36µm
uartUnit.fifoRX.o_fifo_is_full,18.24µm
uartUnit.uartRxUnit._063_,18µm
uartUnit.uartRxUnit.s\[3\],17.815µm
aluUnit._096_,17.78µm
aluUnit._158_,17.56µm
uartUnit.fifoTX.array\[0\]\[2\],17.52µm
uartUnit.uartTxUnit._045_,17.48µm
aluUnit._117_,17.42µm
uartUnit.fifoRX.array\[3\]\[2\],17.32µm
aluUnit._160_,17.22µm
uartUnit.fifoTX._054_,17.22µm
uartUnit.baud_rateUnit.counter\[2\],17.04µm
aluUnit._053_,17.02µm
aluUnit._135_,16.98µm
uartUnit.fifoRX.array\[2\]\[6\],16.825µm
uartUnit.fifoRX.read_ptr\[1\],16.8µm
uartUnit.uartTxUnit._048_,16.78µm
uartUnit.baud_rateUnit._25_,16.62µm
aluUnit._067_,16.48µm
uartUnit.uartTxUnit.n\[2\],16.42µm
uartUnit.fifoTX.array\[2\]\[6\],16.37µm
uartUnit.fifoTX.array\[1\]\[5\],16.22µm
uartUnit.fifoTX.array\[0\]\[5\],16.2µm
uartUnit.uartTxUnit._063_,16.08µm
aluUnit._152_,15.92µm
aluUnit._062_,15.84µm
aluUnit._058_,15.76µm
uartUnit.fifoRX.array\[2\]\[7\],15.745µm
aluUnit._113_,15.71µm
uartUnit.fifoTX._051_,15.68µm
aluUnit._082_,15.64µm
uartUnit.fifoRX.array\[2\]\[4\],15.63µm
uartUnit.fifoRX.array\[1\]\[6\],15.52µm
uartUnit.fifoTX._012_,15.435µm
uartUnit.uartTxUnit.send_byte\[1\],15.34µm
aluUnit._102_,15.3µm
uartUnit.fifoRX.array\[3\]\[1\],15.3µm
aluUnit._030_,15.18µm
uartUnit.uartRxUnit.n\[2\],15.18µm
uartUnit.fifoRX.array\[0\]\[4\],15.1µm
uartUnit.fifoRX._039_,15.065µm
uartUnit.fifoRX._051_,14.98µm
uartUnit.uartRxUnit._019_,14.88µm
uartUnit.fifoRX.array\[0\]\[1\],14.78µm
aluUnit._085_,14.76µm
uartUnit.baud_rateUnit.counter\[8\],14.76µm
aluUnit._035_,14.68µm
uartUnit.fifoTX._057_,14.68µm
uartUnit.fifoRX.array\[2\]\[5\],14.665µm
aluUnit._029_,14.42µm
uartUnit.baud_rateUnit.counter\[5\],14.4µm
uartUnit.fifoTX.array\[1\]\[0\],14.38µm
uartUnit.fifoTX.array\[3\]\[7\],14.38µm
uartUnit.fifoTX.array\[2\]\[5\],14.295µm
uartUnit.fifoTX.array\[3\]\[6\],14.14µm
uartUnit.uartRxUnit._038_,14.14µm
uartUnit.uartTxUnit._038_,14.14µm
uartUnit.uartTxUnit._070_,14.08µm
uartUnit.baud_rateUnit._24_,14.02µm
aluUnit._039_,13.9µm
uartUnit.fifoRX.array\[2\]\[1\],13.885µm
aluUnit._066_,13.88µm
aluUnit._009_,13.86µm
uartUnit.fifoTX.o_data_to_read\[5\],13.76µm
uartUnit.uartRxUnit._027_,13.72µm
alu_uart_interfaceUnit._039_,13.68µm
uartUnit.fifoTX.array\[2\]\[0\],13.645µm
uartUnit.fifoRX._026_,13.6µm
alu_uart_interfaceUnit._002_,13.585µm
uartUnit.fifoRX._054_,13.5µm
uartUnit.fifoTX.o_data_to_read\[7\],13.5µm
uartUnit.fifoTX._024_,13.465µm
uartUnit.fifoTX._029_,13.365µm
aluUnit._149_,13.28µm
uartUnit.fifoTX.array\[0\]\[6\],13.26µm
aluUnit._142_,13.24µm
uartUnit.fifoRX.array\[3\]\[4\],13.24µm
uartUnit.fifoTX._042_,13.22µm
uartUnit.fifoTX.array\[0\]\[3\],13.22µm
uartUnit.fifoRX.array\[0\]\[7\],13.16µm
uartUnit.fifoTX.array\[0\]\[1\],13.16µm
alu_uart_interfaceUnit._040_,13.095µm
alu_uart_interfaceUnit._047_,13.04µm
uartUnit.fifoRX._049_,13.04µm
alu_uart_interfaceUnit.wait_reg\[0\],12.94µm
uartUnit.uartRxUnit._029_,12.9µm
uartUnit.fifoTX._038_,12.805µm
uartUnit.uartTxUnit._007_,12.805µm
aluUnit._103_,12.72µm
uartUnit.fifoRX.array\[0\]\[0\],12.68µm
uartUnit.baud_rateUnit._12_,12.52µm
uartUnit.baud_rateUnit._28_,12.5µm
uartUnit.fifoRX._059_,12.42µm
aluUnit._116_,12.34µm
uartUnit.fifoRX.array\[3\]\[0\],12.34µm
aluUnit._105_,12.3µm
aluUnit.o_alu_result\[6\],12.16µm
uartUnit.uartTxUnit.send_byte\[5\],12.14µm
uartUnit.fifoRX._022_,12.085µm
uartUnit.fifoTX.array\[3\]\[2\],12.08µm
aluUnit._110_,12.06µm
uartUnit.fifoTX.array\[3\]\[0\],12µm
aluUnit._091_,11.98µm
uartUnit.uartRxUnit._040_,11.98µm
uartUnit.uartTxUnit.send_byte\[3\],11.92µm
aluUnit._122_,11.8µm
aluUnit._072_,11.78µm
aluUnit.o_alu_result\[4\],11.78µm
uartUnit.fifoRX._027_,11.725µm
aluUnit._100_,11.7µm
o_uartTx,11.68µm
uartUnit.uartTxUnit._074_,11.66µm
aluUnit._018_,11.56µm
uartUnit.fifoTX.o_data_to_read\[4\],11.52µm
uartUnit.fifoRX._005_,11.485µm
aluUnit._022_,11.48µm
uartUnit.uartTxUnit.send_byte\[4\],11.46µm
uartUnit.baud_rateUnit.counter\[7\],11.44µm
uartUnit.fifoRX.array\[1\]\[5\],11.42µm
alu_uart_interfaceUnit._048_,11.38µm
uartUnit.fifoTX._050_,11.38µm
aluUnit._054_,11.32µm
uartUnit.fifoRX.array\[0\]\[5\],11.32µm
uartUnit.fifoRX.array\[1\]\[1\],11.32µm
aluUnit._087_,11.3µm
uartUnit.baud_rateUnit._13_,11.22µm
uartUnit.uartRxUnit._049_,11.2µm
uartUnit.uartTxUnit._039_,11.2µm
uartUnit.uartTxUnit._032_,11.16µm
aluUnit.i_data_b\[1\],11.12µm
aluUnit._070_,11.1µm
uartUnit.uartTxUnit._010_,11.085µm
uartUnit.uartRxUnit._037_,11.08µm
uartUnit.fifoRX.array\[1\]\[3\],11.06µm
uartUnit.uartTxUnit._028_,11.06µm
uartUnit.fifoRX._006_,10.915µm
alu_uart_interfaceUnit._004_,10.825µm
uartUnit.uartTxUnit.s\[3\],10.8µm
aluUnit._162_,10.78µm
uartUnit.fifoTX._026_,10.78µm
uartUnit.fifoTX._043_,10.76µm
alu_uart_interfaceUnit._072_,10.74µm
uartUnit.uartTxUnit._068_,10.74µm
uartUnit.fifoRX._052_,10.72µm
aluUnit._069_,10.64µm
alu_uart_interfaceUnit._058_,10.64µm
uartUnit.fifoTX.array\[2\]\[7\],10.61µm
uartUnit.fifoRX._020_,10.565µm
uartUnit.fifoTX._041_,10.565µm
alu_uart_interfaceUnit._091_,10.42µm
uartUnit.fifoRX._021_,10.405µm
uartUnit.fifoRX.array\[1\]\[4\],10.4µm
uartUnit.uartTxUnit._064_,10.4µm
uartUnit.fifoRX.array\[3\]\[5\],10.32µm
aluUnit._027_,10.3µm
aluUnit._057_,10.3µm
uartUnit.baud_rateUnit._08_,10.285µm
uartUnit.fifoRX._009_,10.285µm
uartUnit.baud_rateUnit._14_,10.28µm
aluUnit._060_,10.2µm
alu_uart_interfaceUnit._074_,10.2µm
uartUnit.fifoRX.array\[2\]\[3\],10.14µm
uartUnit.fifoRX._038_,10.065µm
uartUnit.fifoRX._043_,10.04µm
aluUnit._161_,9.9µm
aluUnit._118_,9.88µm
alu_uart_interfaceUnit._085_,9.88µm
alu_uart_interfaceUnit.wait_reg\[1\],9.87µm
aluUnit._012_,9.86µm
aluUnit._003_,9.82µm
uartUnit.fifoRX.array\[3\]\[3\],9.7µm
uartUnit.fifoTX._023_,9.685µm
alu_uart_interfaceUnit._084_,9.66µm
uartUnit.uartTxUnit._065_,9.64µm
uartUnit.fifoTX._019_,9.445µm
uartUnit.fifoTX._034_,9.405µm
aluUnit._063_,9.38µm
aluUnit._104_,9.36µm
uartUnit.uartTxUnit.send_byte\[6\],9.36µm
aluUnit._155_,9.34µm
aluUnit._019_,9.32µm
uartUnit.baud_rateUnit._18_,9.32µm
uartUnit.fifoTX.array\[3\]\[3\],9.22µm
uartUnit.fifoTX._010_,9.185µm
uartUnit.fifoTX._056_,9.18µm
uartUnit.fifoTX.o_data_to_read\[6\],9.18µm
uartUnit.uartTxUnit._062_,9.16µm
uartUnit.fifoTX._013_,9.145µm
alu_uart_interfaceUnit._055_,9.12µm
aluUnit._056_,9.1µm
uartUnit.baud_rateUnit._17_,9.08µm
aluUnit._136_,9.06µm
uartUnit.uartRxUnit._009_,9.005µm
uartUnit.uartRxUnit._044_,8.96µm
uartUnit.uartTxUnit._066_,8.94µm
uartUnit.fifoTX._036_,8.905µm
alu_uart_interfaceUnit._062_,8.9µm
uartUnit.uartTxUnit._030_,8.9µm
uartUnit.fifoTX._061_,8.84µm
alu_uart_interfaceUnit._034_,8.825µm
aluUnit._101_,8.82µm
uartUnit.uartTxUnit._075_,8.78µm
uartUnit.fifoTX._037_,8.685µm
uartUnit.fifoTX.array\[2\]\[1\],8.685µm
alu_uart_interfaceUnit._069_,8.6µm
uartUnit.fifoTX.array\[1\]\[7\],8.58µm
aluUnit._150_,8.56µm
uartUnit.fifoRX._018_,8.525µm
uartUnit.fifoTX.array\[2\]\[3\],8.48µm
uartUnit.uartRxUnit._056_,8.48µm
uartUnit.fifoTX.array\[0\]\[7\],8.46µm
aluUnit._123_,8.44µm
uartUnit.fifoTX.array\[3\]\[5\],8.32µm
uartUnit.uartTxUnit.send_byte\[2\],8.32µm
uartUnit.fifoTX._033_,8.285µm
aluUnit._007_,8.28µm
uartUnit.fifoRX.array\[3\]\[7\],8.24µm
uartUnit.fifoTX._040_,8.225µm
aluUnit._088_,8.16µm
uartUnit.fifoRX.array\[1\]\[7\],8.16µm
uartUnit.fifoRX._035_,8.155µm
uartUnit.fifoTX._018_,8.155µm
uartUnit.baud_rateUnit._21_,8.14µm
aluUnit._083_,8.1µm
uartUnit.fifoRX.array\[0\]\[2\],8.1µm
uartUnit.tx_not_empty,8.1µm
aluUnit._006_,8.06µm
alu_uart_interfaceUnit._042_,8.06µm
uartUnit.uartTxUnit._049_,8.04µm
aluUnit._016_,8.02µm
aluUnit._024_,8.02µm
alu_uart_interfaceUnit._063_,8.02µm
uartUnit.uartTxUnit.send_byte\[7\],8.02µm
uartUnit.fifoTX._052_,7.995µm
uartUnit.uartTxUnit.s\[2\],7.975µm
aluUnit._141_,7.88µm
aluUnit._055_,7.8µm
aluUnit._114_,7.78µm
aluUnit._002_,7.74µm
uartUnit.uartRxUnit._045_,7.74µm
aluUnit._015_,7.7µm
alu_uart_interfaceUnit.i_fifo_rx_empty,7.7µm
uartUnit.fifoTX.array\[1\]\[4\],7.64µm
aluUnit.o_alu_result\[7\],7.6µm
net1,7.6µm
net4,7.6µm
alu_uart_interfaceUnit._023_,7.565µm
alu_uart_interfaceUnit._088_,7.56µm
aluUnit._145_,7.54µm
uartUnit.fifoRX.array\[1\]\[2\],7.52µm
uartUnit.fifoTX._030_,7.505µm
aluUnit._000_,7.48µm
aluUnit._014_,7.46µm
uartUnit.fifoTX.array\[3\]\[4\],7.38µm
uartUnit.fifoTX.array\[2\]\[4\],7.305µm
uartUnit.fifoRX._002_,7.275µm
uartUnit.uartRxUnit._059_,7.2µm
uartUnit.uartTxUnit._046_,7.2µm
alu_uart_interfaceUnit._025_,7.185µm
uartUnit.fifoTX.array\[0\]\[0\],7.18µm
uartUnit.fifoTX.array\[1\]\[2\],7.18µm
uartUnit.fifoTX._031_,7.145µm
aluUnit._013_,7.12µm
uartUnit.fifoRX._012_,7.105µm
uartUnit.fifoRX.array\[3\]\[6\],7.1µm
uartUnit.fifoRX._061_,7.06µm
uartUnit.uartRxUnit._043_,7.06µm
uartUnit.fifoRX.array\[0\]\[3\],6.98µm
uartUnit.uartRxUnit._032_,6.98µm
uartUnit.fifoTX._028_,6.96µm
uartUnit.fifoRX.array\[0\]\[6\],6.86µm
uartUnit.fifoRX._016_,6.825µm
uartUnit.fifoTX._009_,6.825µm
uartUnit.uartTxUnit._059_,6.78µm
uartUnit.fifoTX.array\[0\]\[4\],6.76µm
uartUnit.fifoTX._059_,6.72µm
uartUnit.uartRxUnit._015_,6.685µm
i_clk,6.67µm
alu_uart_interfaceUnit._089_,6.66µm
aluUnit._081_,6.64µm
uartUnit.uartTxUnit._034_,6.6µm
uartUnit.uartTxUnit._072_,6.54µm
alu_uart_interfaceUnit._007_,6.485µm
uartUnit.uartRxUnit._004_,6.485µm
uartUnit.uartTxUnit._005_,6.485µm
uartUnit.uartTxUnit._019_,6.465µm
alu_uart_interfaceUnit._032_,6.425µm
uartUnit.fifoTX._002_,6.365µm
uartUnit.fifoTX._004_,6.365µm
uartUnit.fifoTX._017_,6.365µm
uartUnit.fifoTX._025_,6.365µm
uartUnit.fifoTX._035_,6.365µm
uartUnit.baud_rateUnit._27_,6.32µm
aluUnit._010_,6.26µm
uartUnit.uartTxUnit._053_,6.26µm
uartUnit.uartTxUnit._055_,6.26µm
uartUnit.baud_rateUnit._03_,6.225µm
uartUnit.fifoTX._021_,6.225µm
aluUnit._144_,6.18µm
uartUnit.fifoRX._056_,6.18µm
uartUnit.uartTxUnit._056_,6.18µm
aluUnit._073_,6.14µm
alu_uart_interfaceUnit._065_,6.14µm
uartUnit.fifoRX._030_,6.105µm
uartUnit.baud_rateUnit._06_,6.025µm
uartUnit.fifoRX._029_,6.025µm
uartUnit.uartRxUnit._005_,6.005µm
uartUnit.fifoRX._034_,5.965µm
uartUnit.fifoTX.array\[2\]\[2\],5.945µm
uartUnit.uartRxUnit._011_,5.895µm
alu_uart_interfaceUnit._066_,5.86µm
alu_uart_interfaceUnit._067_,5.86µm
alu_uart_interfaceUnit._071_,5.84µm
alu_uart_interfaceUnit._077_,5.8µm
alu_uart_interfaceUnit._079_,5.8µm
uartUnit.fifoTX._062_,5.8µm
uartUnit.fifoRX._013_,5.765µm
uartUnit.fifoRX._025_,5.765µm
uartUnit.uartRxUnit._010_,5.765µm
aluUnit._140_,5.72µm
alu_uart_interfaceUnit._056_,5.72µm
alu_uart_interfaceUnit._064_,5.72µm
uartUnit.fifoTX.array\[1\]\[1\],5.72µm
uartUnit.uartRxUnit._055_,5.72µm
aluUnit._079_,5.68µm
uartUnit.baud_rateUnit._10_,5.68µm
uartUnit.fifoRX._060_,5.68µm
i_reset,5.63µm
uartUnit.fifoTX._027_,5.575µm
uartUnit.fifoRX._041_,5.545µm
uartUnit.fifoTX._039_,5.505µm
alu_uart_interfaceUnit._024_,5.5µm
uartUnit.fifoRX._037_,5.475µm
uartUnit.uartTxUnit._036_,5.46µm
alu_uart_interfaceUnit._030_,5.435µm
uartUnit.baud_rateUnit._20_,5.4µm
uartUnit.uartRxUnit._041_,5.38µm
uartUnit.fifoTX.array\[3\]\[1\],5.36µm
uartUnit.uartTxUnit._050_,5.34µm
uartUnit.fifoTX._060_,5.28µm
aluUnit._044_,5.26µm
uartUnit.baud_rateUnit._11_,5.26µm
uartUnit.uartTxUnit._033_,5.26µm
uartUnit.uartTxUnit._067_,5.26µm
aluUnit._042_,5.24µm
aluUnit.i_data_b\[2\],5.22µm
uartUnit.fifoTX._015_,5.215µm
uartUnit.uartTxUnit._000_,5.16µm
alu_uart_interfaceUnit._061_,5.14µm
uartUnit.uartRxUnit._051_,5.12µm
uartUnit.fifoRX._040_,5.085µm
uartUnit.uartTxUnit._012_,5.085µm
uartUnit.uartRxUnit._017_,5.065µm
aluUnit._128_,5.06µm
uartUnit.fifoTX._007_,5.045µm
uartUnit.uartTxUnit._009_,5.045µm
aluUnit._138_,5.02µm
uartUnit.fifoRX._010_,4.975µm
uartUnit.baud_rateUnit._07_,4.965µm
aluUnit._011_,4.92µm
alu_uart_interfaceUnit._037_,4.92µm
uartUnit.uartTxUnit._037_,4.9µm
alu_uart_interfaceUnit._054_,4.88µm
alu_uart_interfaceUnit._080_,4.88µm
alu_uart_interfaceUnit._087_,4.88µm
uartUnit.uartRxUnit._053_,4.88µm
uartUnit.fifoRX._004_,4.845µm
uartUnit.uartRxUnit._001_,4.845µm
aluUnit._147_,4.82µm
alu_uart_interfaceUnit._070_,4.82µm
alu_uart_interfaceUnit._092_,4.82µm
uartUnit.fifoTX._016_,4.805µm
alu_uart_interfaceUnit._060_,4.8µm
alu_uart_interfaceUnit._073_,4.8µm
alu_uart_interfaceUnit._081_,4.8µm
uartUnit.fifoRX._055_,4.8µm
uartUnit.fifoTX.array\[1\]\[3\],4.8µm
aluUnit._130_,4.76µm
aluUnit._153_,4.76µm
uartUnit.uartTxUnit._052_,4.76µm
alu_uart_interfaceUnit._046_,4.7µm
aluUnit._036_,4.68µm
aluUnit.o_alu_result\[5\],4.66µm
uartUnit.fifoTX._003_,4.625µm
uartUnit.fifoTX._022_,4.625µm
i_uartRx,4.61µm
alu_uart_interfaceUnit._017_,4.585µm
uartUnit.uartRxUnit._033_,4.56µm
uartUnit.fifoRX._017_,4.505µm
aluUnit._033_,4.46µm
uartUnit.uartTxUnit._060_,4.46µm
uartUnit.fifoRX._033_,4.435µm
uartUnit.fifoRX._011_,4.425µm
uartUnit.uartTxUnit._001_,4.405µm
alu_uart_interfaceUnit._013_,4.385µm
uartUnit.fifoTX._020_,4.385µm
uartUnit.uartTxUnit._017_,4.385µm
uartUnit.uartTxUnit._018_,4.385µm
uartUnit.uartTxUnit._006_,4.38µm
uartUnit.fifoRX._007_,4.36µm
uartUnit.baud_rateUnit._09_,4.34µm
uartUnit.uartRxUnit._066_,4.34µm
uartUnit.uartTxUnit._051_,4.34µm
uartUnit.baud_rateUnit._05_,4.295µm
uartUnit.uartTxUnit._057_,4.22µm
uartUnit.uartTxUnit._073_,4.22µm
aluUnit._065_,4.14µm
uartUnit.uartRxUnit._031_,4.14µm
aluUnit._023_,4.02µm
aluUnit._028_,4.02µm
aluUnit._064_,4.02µm
uartUnit.uartTxUnit._021_,4.02µm
uartUnit.fifoTX._058_,4µm
uartUnit.uartRxUnit._023_,4µm
aluUnit._111_,3.88µm
alu_uart_interfaceUnit._086_,3.88µm
alu_uart_interfaceUnit._090_,3.76µm
uartUnit.fifoTX._014_,3.705µm
uartUnit.uartTxUnit._003_,3.705µm
uartUnit.uartRxUnit._014_,3.615µm
uartUnit.uartRxUnit._050_,3.56µm
aluUnit._020_,3.54µm
aluUnit._021_,3.54µm
aluUnit._038_,3.54µm
aluUnit._129_,3.54µm
uartUnit.baud_rateUnit._26_,3.54µm
alu_uart_interfaceUnit._036_,3.465µm
uartUnit.fifoRX._032_,3.465µm
uartUnit.fifoTX._008_,3.465µm
uartUnit.uartTxUnit._004_,3.465µm
uartUnit.uartTxUnit._042_,3.45µm
aluUnit._049_,3.44µm
uartUnit.uartRxUnit._021_,3.44µm
aluUnit._051_,3.42µm
aluUnit._068_,3.42µm
aluUnit._143_,3.42µm
aluUnit._061_,3.32µm
alu_uart_interfaceUnit._006_,3.32µm
alu_uart_interfaceUnit._020_,3.32µm
alu_uart_interfaceUnit._021_,3.32µm
uartUnit.uartRxUnit._008_,3.32µm
uartUnit.uartRxUnit._016_,3.32µm
uartUnit.uartRxUnit._013_,3.245µm
uartUnit.baud_rateUnit._23_,3.2µm
alu_uart_interfaceUnit._018_,3.175µm
uartUnit.fifoRX._014_,3.175µm
uartUnit.fifoTX._005_,3.175µm
uartUnit.uartRxUnit._003_,3.155µm
aluUnit._074_,3.1µm
alu_uart_interfaceUnit._068_,3.1µm
uartUnit.uartRxUnit._036_,3.1µm
uartUnit.uartTxUnit._076_,3.1µm
aluUnit._008_,3.08µm
aluUnit._026_,3.08µm
aluUnit._086_,3.08µm
uartUnit.fifoTX._063_,3.08µm
uartUnit.baud_rateUnit._01_,3.045µm
uartUnit.fifoRX._031_,3.045µm
uartUnit.fifoRX._024_,3.005µm
aluUnit._099_,2.98µm
alu_uart_interfaceUnit._083_,2.98µm
uartUnit.uartTxUnit._035_,2.98µm
aluUnit._071_,2.96µm
alu_uart_interfaceUnit._052_,2.96µm
uartUnit.uartTxUnit._024_,2.96µm
uartUnit.uartTxUnit._031_,2.96µm
uartUnit.baud_rateUnit._04_,2.885µm
alu_uart_interfaceUnit._026_,2.86µm
alu_uart_interfaceUnit._031_,2.86µm
alu_uart_interfaceUnit._001_,2.785µm
uartUnit.baud_rateUnit._00_,2.785µm
uartUnit.fifoRX._008_,2.785µm
uartUnit.uartRxUnit._026_,2.76µm
alu_uart_interfaceUnit._010_,2.715µm
alu_uart_interfaceUnit._019_,2.715µm
uartUnit.fifoRX._023_,2.715µm
uartUnit.fifoTX._032_,2.715µm
uartUnit.uartRxUnit._007_,2.715µm
uartUnit.uartRxUnit._018_,2.715µm
uartUnit.uartTxUnit._008_,2.715µm
aluUnit._159_,2.64µm
aluUnit._092_,2.62µm
uartUnit.uartRxUnit._020_,2.62µm
uartUnit.uartRxUnit._022_,2.62µm
alu_uart_interfaceUnit._008_,2.585µm
uartUnit.fifoRX._003_,2.585µm
alu_uart_interfaceUnit._011_,2.545µm
alu_uart_interfaceUnit._012_,2.545µm
uartUnit.uartRxUnit._000_,2.545µm
aluUnit._077_,2.525µm
aluUnit._031_,2.52µm
alu_uart_interfaceUnit._082_,2.52µm
uartUnit.baud_rateUnit._29_,2.5µm
uartUnit.uartRxUnit._052_,2.5µm
uartUnit.uartTxUnit._029_,2.5µm
uartUnit.fifoTX._006_,2.325µm
uartUnit.uartRxUnit._012_,2.325µm
uartUnit.uartTxUnit._013_,2.325µm
aluUnit._046_,2.3µm
uartUnit.fifoRX._053_,2.3µm
uartUnit.uartRxUnit._025_,2.3µm
uartUnit.fifoRX._028_,2.255µm
uartUnit.fifoRX._036_,2.255µm
uartUnit.uartTxUnit._020_,2.18µm
uartUnit.uartRxUnit._062_,2.17µm
aluUnit._017_,2.16µm
aluUnit._080_,2.16µm
aluUnit._090_,2.16µm
aluUnit._146_,2.16µm
aluUnit._157_,2.16µm
uartUnit.fifoRX._057_,2.16µm
uartUnit.fifoRX._063_,2.16µm
uartUnit.uartRxUnit._054_,2.16µm
uartUnit.uartTxUnit._025_,2.16µm
alu_uart_interfaceUnit._014_,2.145µm
alu_uart_interfaceUnit._029_,2.145µm
alu_uart_interfaceUnit._033_,2.145µm
uartUnit.uartRxUnit._002_,2.145µm
alu_uart_interfaceUnit._000_,2.125µm
uartUnit.fifoTX._011_,2.125µm
uartUnit.uartTxUnit._002_,2.125µm
alu_uart_interfaceUnit._075_,2.06µm
alu_uart_interfaceUnit._078_,2.06µm
uartUnit.fifoTX._055_,2.06µm
uartUnit.uartRxUnit._067_,2.06µm
uartUnit.uartTxUnit._027_,2.04µm
uartUnit.baud_rateUnit._02_,2.025µm
alu_uart_interfaceUnit._027_,1.865µm
alu_uart_interfaceUnit._028_,1.865µm
uartUnit.fifoRX._015_,1.865µm
uartUnit.fifoRX._019_,1.865µm
uartUnit.uartRxUnit._006_,1.865µm
aluUnit._041_,1.72µm
aluUnit._050_,1.72µm
aluUnit._032_,1.7µm
uartUnit.uartTxUnit._061_,1.7µm
alu_uart_interfaceUnit._009_,1.685µm
alu_uart_interfaceUnit._015_,1.685µm
alu_uart_interfaceUnit._016_,1.685µm
alu_uart_interfaceUnit._022_,1.685µm
uartUnit.uartTxUnit._014_,1.685µm
uartUnit.uartTxUnit._015_,1.685µm
uartUnit.uartTxUnit._016_,1.685µm
aluUnit._107_,1.68µm
aluUnit._132_,1.6µm
alu_uart_interfaceUnit._057_,1.6µm
alu_uart_interfaceUnit._003_,1.575µm
alu_uart_interfaceUnit._005_,1.575µm
alu_uart_interfaceUnit._035_,1.575µm
uartUnit.uartTxUnit._011_,1.575µm
aluUnit._078_,1.38µm
aluUnit._089_,1.38µm
aluUnit._093_,1.38µm
uartUnit.uartRxUnit._061_,1.38µm
uartUnit.uartRxUnit._064_,1.25µm
uartUnit.baud_rateUnit._22_,1.22µm
uartUnit.uartTxUnit._026_,1.14µm
aluUnit._084_,0.92µm
aluUnit._151_,0.92µm
uartUnit.fifoTX._053_,0.92µm
aluUnit._043_,0.8µm
aluUnit._059_,0.8µm
uartUnit.fifoRX._062_,0.8µm
uartUnit.baud_rateUnit._16_,0.46µm
